99001;Kramer & Schuster GmbH;;;;;;;;;;;;
99003;Vogel Werbetechnik GmbH & Co. KG;;;;;;;;;;;;
99004;NEWS-Werbung GmbH;;;;;;;;;;;;
99009;Blickfang Werbetechnik GmbH;;;;;;;;;;;;
99010;Neumann GmbH;;;;;;;;;;;;
99012;iken konzept und grafik gmbh & co. Kg;;;;;;;;;;;;
99015;Beschriftungstechnik Klaus Honerlage;;;;;;;;;;;;
99017;City Plott Johannes Menne e.K.;;;;;;;;;;;;
99018;Zernisch Werbung GmbH;;;;;;;;;;;;
99019;Werbetechnik Metzner GmbH & Co. KG;;;;;;;;;;;;
99020;Reklameservice KRÜGER GmbH;;;;;;;;;;;;
99021;Grundt GmbH DER BESCHRIFTER;;;;;;;;;;;;
99022;Templin GmbH;;;;;;;;;;;;
99023;KOMO Beschriftungen Handels GmbH;;;;;;;;;;;;
99024;Creativ Werbung;;;;;;;;;;;;
99025;CART Design und Werbetechnik;;;;;;;;;;;;
99026;Die Zwillinge;;;;;;;;;;;;
99027;PAVEM Lichtwerbung GmbH;;;;;;;;;;;;
99028;Bertelmann GmbH;;;;;;;;;;;;
99031;sp-werbung swen peter heine e.K.;;;;;;;;;;;;
99032;Werbetechnik König;;;;;;;;;;;;
99033;Funke Werbung;;;;;;;;;;;;
99034;Werbeatelier Carsten Beck;;;;;;;;;;;;
99035;werkzwo Nico Reinhardt e.K.;;;;;;;;;;;;
99036;Behrendt Werbetechnik GmbH;;;;;;;;;;;;
99041;Die Signmaker GmbH & Co. KG;;;;;;;;;;;;
99043;Kallenbach Werbeteam;;;;;;;;;;;;
99045;Marth Werbetechnik+Design;;;;;;;;;;;;
99049;alwo werbetechnik & design;;;;;;;;;;;;
99050;Reinhard Werbung;;;;;;;;;;;;
99053;Schneider Design-Beschriftungen;;;;;;;;;;;;
99054;FSK Pröstler GmbH;;;;;;;;;;;;
99056;Karl Jehle Werbetechnik GmbH & Co. KG;;;;;;;;;;;;
99057;Knops Lichtwerbung GmbH;;;;;;;;;;;;
99059;ARCUS Werbung GmbH;;;;;;;;;;;;
99060;Visscher Lichtwerbung GmbH;;;;;;;;;;;;
99063;Noack Werbung;;;;;;;;;;;;
99064;Schilder- & Werbeservice Hauffe GmbH;;;;;;;;;;;;
99067;Werbetechnik Jeziorski;;;;;;;;;;;;
99069;Vogel Werbetechnik;;;;;;;;;;;;
99071;AGS Werbung GbR;;;;;;;;;;;;
99074;Sign Line;;;;;;;;;;;;
99075;WerbeWerk Brunner;;;;;;;;;;;;
99076;CREATIVUM Werbeland Werbe- und Folientechnik;;;;;;;;;;;;
99082;Fitzke Werbetechnik GmbH;;;;;;;;;;;;
99084;EGLINSKY;;;;;;;;;;;;
99085;Willweber GmbH;;;;;;;;;;;;
99088;Mättig Werbung;;;;;;;;;;;;
99089;König Werbeanlagen Dreifke GmbH & Co. KG;;;;;;;;;;;;
99091;Werbestudio Wendisch;;;;;;;;;;;;
99092;Max Hering KG;;;;;;;;;;;;
99094;Fritz Gey Schilder-Beschriftung-Werbung;;;;;;;;;;;;
99096;Breitenbach Werbetechnik GmbH;;;;;;;;;;;;
99099;SIMON WERBUNG GmbH;;;;;;;;;;;;
99101;neon-line;;;;;;;;;;;;
99103;Bausch werbeland GmbH;;;;;;;;;;;;
99105;AP Werbung GmbH;;;;;;;;;;;;
99107;Objectdesign GmbH;;;;;;;;;;;;
99111;WERBELUX GmbH;;;;;;;;;;;;
99113;Schriftwerk AG;;;;;;;;;;;;
99114;Die Werbewerkstatt;;;;;;;;;;;;
99115;Quehl GmbH;;;;;;;;;;;;
99116;Christopher Klein Werbetechnik;;;;;;;;;;;;
99117;Böttinger Maler & Werbung GmbH & Co. KG;;;;;;;;;;;;
99118;Eichinger Werbetechnik;;;;;;;;;;;;
99119;Complot Werbeteam;;;;;;;;;;;;
99120;G. Spiering Werbe GmbH;;;;;;;;;;;;
99121;Signum;;;;;;;;;;;;
99122;engelberg werbeland gmbh;;;;;;;;;;;;
99124;WerbeStudio Schnurer;;;;;;;;;;;;
99125;Werbetechnik Erpelding;;;;;;;;;;;;
99128;Werbung Dietmar Plagge;;;;;;;;;;;;
99129;licht & werbung sonnier;;;;;;;;;;;;
99130;SJ-Design;;;;;;;;;;;;
99131;Remstalwerbung Bäz;;;;;;;;;;;;
99135;Beschriftung Siebdruck Mühle e.K.;;;;;;;;;;;;
99137;SIGNal Reklame GmbH;;;;;;;;;;;;
99140;Hoffmann Werbetechnik;;;;;;;;;;;;
99142;DRUCKPUNKT GmbH & Co. KG;;;;;;;;;;;;
99143;Hennerkes Licht + Werbung GmbH;;;;;;;;;;;;
99148;steinborn gmbh;;;;;;;;;;;;
99150;Kusterer Werbetechnik;;;;;;;;;;;;
99151;EXCLUSIV Werbung;;;;;;;;;;;;
99152;ARNOLD werbe-design;;;;;;;;;;;;
99154;Erdmann Werbetechnik;;;;;;;;;;;;
99155;Amon Werbung GmbH & Co. KG;;;;;;;;;;;;
99156;Mikko Werbetechnik und Messebau;;;;;;;;;;;;
99157;Werbung Haupt;;;;;;;;;;;;
99158;Schreiber Werbetechnik;;;;;;;;;;;;
99159;declaro Beschriftungs GmbH;;;;;;;;;;;;
99161;Obornik Werbetechnik KG;;;;;;;;;;;;
99162;Werbetechnik Sommer GmbH;;;;;;;;;;;;
99163;Tisch GmbH;;;;;;;;;;;;
99164;Leibing GmbH Werbetechnik;;;;;;;;;;;;
99166;LOGO-Werbung GmbH;;;;;;;;;;;;
99167;TREND GmbH Beschriftung+Werbetechnik;;;;;;;;;;;;
99169;Weber-Werbung GmbH;;;;;;;;;;;;
99170;Neon Werbetechnik Alferink KG;;;;;;;;;;;;
99172;Werbetechnik Zinke GmbH;;;;;;;;;;;;
99176;Penzkofer GmbH Reklamewerkstatt;;;;;;;;;;;;
99177;Werbetechnik W&T Brück GmbH;;;;;;;;;;;;
99178;Klartext Jahn Werbetechnik GmbH;;;;;;;;;;;;
99179;Werbe G+K GmbH;;;;;;;;;;;;
99180;SchilderTeam;;;;;;;;;;;;
99181;ALTPASS WERBETECHNIK GmbH;;;;;;;;;;;;
99183;Förster Werbung GmbH;;;;;;;;;;;;
99192;SCHMIDT Werbetechnik GmbH;;;;;;;;;;;;
99194;Lichtwerbung Kettwig;;;;;;;;;;;;
99196;Ruppert GmbH;;;;;;;;;;;;
99197;W+S Werbetechnik GmbH;;;;;;;;;;;;
99200;Haus der Kreativität;;;;;;;;;;;;
99201;SIGN FACTORY;;;;;;;;;;;;
99207;art-4-sign;;;;;;;;;;;;
99208;Mediendesign Blochwitz;;;;;;;;;;;;
99211;Maro Werbetechnik;;;;;;;;;;;;
99212;BERNER GRAFIK GmbH;;;;;;;;;;;;
99214;Licht Design Gera GmbH & Co. KG;;;;;;;;;;;;
99215;Ruprecht Werbetechnik;;;;;;;;;;;;
99221;Albrecht Werbetechnik;;;;;;;;;;;;
99231;Henkel Werbetechnik;;;;;;;;;;;;
99234;Wepa Werbepartner GmbH;;;;;;;;;;;;
99237;Medienhaus Weber GmbH;;;;;;;;;;;;
99604;Atelier Fetzer GmbH;;;;;;;;;;;;
99243;Hummel Siebdruck + Werbetechnik GmbH & Co. KG;;;;;;;;;;;;
99245;LAHOFF Innen- und Außenwerbung OHG;;;;;;;;;;;;
99251;Lichtwerbung Wegner GmbH & Co.KG;;;;;;;;;;;;
99254;Neon - Licht - Werbung Redeker GmbH & Co. KG;;;;;;;;;;;;
99257;Sauer Licht & Werbetechnik GmbH;;;;;;;;;;;;
99262;Neon Brüggen GmbH;;;;;;;;;;;;
99274;Wörle & Lewang GmbH;;;;;;;;;;;;
99276;D-Punkt Schwarz & Partner GmbH;;;;;;;;;;;;
99277;Schilder-Maletz GmbH;;;;;;;;;;;;
99278;Pfundstein Werbung;;;;;;;;;;;;
99293;SBS- Lichtwerbung GmbH;;;;;;;;;;;;
99295;Klaus Ortloff Werbung & Design;;;;;;;;;;;;
99296;Colorissima Werbung e.K.;;;;;;;;;;;;
99297;Schemitzek & Herrig GmbH;;;;;;;;;;;;
99298;Vennekel & Partner GmbH;;;;;;;;;;;;
99301;Greschok GmbH & Co. KG;;;;;;;;;;;;
99304;Neon-Rosenkranz Lichtwerbung GmbH;;;;;;;;;;;;
99305;Gürtner Werbetechnik & Dekoration;;;;;;;;;;;;
99308;Lausitz-Werbung;;;;;;;;;;;;
99309;Die 2 Werbung + Marketing GmbH;;;;;;;;;;;;
99312;OK Werbung Jäger GmbH;;;;;;;;;;;;
99314;Ortmaier Druck GmbH;;;;;;;;;;;;
99317;Schilder Nopper;;;;;;;;;;;;
99319;Erzmoneit Werbeland;;;;;;;;;;;;
99323;Holub Werbetechnik;;;;;;;;;;;;
99333;E-Design GmbH;;;;;;;;;;;;
99334;Quadro GmbH;;;;;;;;;;;;
99344;LIEBKE Werbung GmbH;;;;;;;;;;;;
99347;Pekasus.com;;;;;;;;;;;;
99356;Bové + Oeldemann GmbH & Co. KG;;;;;;;;;;;;
99361;Werbe-Tischer;;;;;;;;;;;;
99362;Rotsching GmbH;;;;;;;;;;;;
99363;Hanseatische Außenwerbung GmbH;;;;;;;;;;;;
99365;Barufke Werbung & Design;;;;;;;;;;;;
99370;Werbetechnik Wigger GmbH & Co. KG;;;;;;;;;;;;
99377;AP-Druckservice;;;;;;;;;;;;
99387;Werker Malerei & Werbung;;;;;;;;;;;;
99388;HOC Werbung;;;;;;;;;;;;
99391;Reklame Conrad Wilden Nachf. GmbH & Co. KG;;;;;;;;;;;;
99398;wir drei werbung gmbh;;;;;;;;;;;;
99399;BOOB-Werbung;;;;;;;;;;;;
99400;Antagon MaxiMal Werbegestaltung Lothar Riedel e.K.;;;;;;;;;;;;
99402;LOGO WERBUNG;;;;;;;;;;;;
99407;JO.SCH WERBUNG;;;;;;;;;;;;
99408;HANNES Industriegravuren GmbH;;;;;;;;;;;;
99410;FRIEDRICHS Digitale Medien;;;;;;;;;;;;
99420;Merkle-Werbung.com;;;;;;;;;;;;
99421;PamoWe Werbetechnik & Beschriftungen GmbH;;;;;;;;;;;;
99425;Altonaer Werbewerkstatt;;;;;;;;;;;;
99433;mb-design;;;;;;;;;;;;
99434;Demmedia GmbH;;;;;;;;;;;;
99436;Ja-Design - Inh. M. Lepp e.K.;;;;;;;;;;;;
99449;Schöne Werbung DE;;;;;;;;;;;;
99454;Beffori GmbH;;;;;;;;;;;;
99455;PromoTex;;;;;;;;;;;;
99456;Schrift & Bild;;;;;;;;;;;;
99464;Schilder Herrmann e. K.;;;;;;;;;;;;
99465;Hammer Werbemarkt;;;;;;;;;;;;
99472;Göhlert Werbetechnik und Druck;;;;;;;;;;;;
99474;Neubert Werbung Limited & Co. KG;;;;;;;;;;;;
99480;ProLux-Systemtechnik GmbH & Co. KG;;;;;;;;;;;;
99485;HEGAU WERBETECHNIK;;;;;;;;;;;;
99487;Form und Farben Werbetechnik GmbH;;;;;;;;;;;;
99489;Schrader-Kamin Werbetechnik;;;;;;;;;;;;
99491;Barth Werbetechnik GmbH;;;;;;;;;;;;
99494;Werbung Gall GmbH;;;;;;;;;;;;
99496;Friedrich Otto Dümpel GmbH;;;;;;;;;;;;
99497;EASY-CUT Beschriftungen;;;;;;;;;;;;
99500;Liebermann GmbH;;;;;;;;;;;;
99501;werbefabrik.de;;;;;;;;;;;;
99502;Feuerstein-Design GmbH & Co. KG;;;;;;;;;;;;
99514;K3 Werbetechnik GmbH;;;;;;;;;;;;
99516;GLA-WEL GmbH Abt. Werbetechnik;;;;;;;;;;;;
99517;Duktus GmbH;;;;;;;;;;;;
99519;Kießling Werbung GmbH & Co. KG;;;;;;;;;;;;
99525;Werbetechnik Klaus Wessling e.K.;;;;;;;;;;;;
99528;Melcher Werbetechnik GmbH;;;;;;;;;;;;
99530;Malerei Nutz GmbH;;;;;;;;;;;;
99538;pb Druck und Werbetechnik Birlenberg;;;;;;;;;;;;
99542;x-marketings GmbH;;;;;;;;;;;;
99544;Reklame Schumacher GmbH;;;;;;;;;;;;
99545;Remise Handels GmbH;;;;;;;;;;;;
99546;Vollverklebt.de;;;;;;;;;;;;
99549;einDRUCKSvoll GmbH;;;;;;;;;;;;
99552;Bänfer GmbH;;;;;;;;;;;;
99556;Wetzel Werbetechnik GmbH;;;;;;;;;;;;
99557;schäfer GmbH;;;;;;;;;;;;
99558;Erler+Pless GmbH;;;;;;;;;;;;
99562;Josef Albers GmbH;;;;;;;;;;;;
99564;Alpha Werbegestaltung Ruth Schulze GmbH;;;;;;;;;;;;
99571;Werbeatelier Dilz;;;;;;;;;;;;
99572;MDM Montagen GmbH & Co. KG;;;;;;;;;;;;
99573;M Werbetechnik Südwestfalen GmbH;;;;;;;;;;;;
99574;Werbestudio Mieth GmbH;;;;;;;;;;;;
99575;Projekt rk GmbH & Co. KG;;;;;;;;;;;;
99578;TREND Schrift & Werbung;;;;;;;;;;;;
99581;Picto GmbH;;;;;;;;;;;;
99582;KROUL Werbetechnik GmbH;;;;;;;;;;;;
99584;Industrie- und Außenwerbung Luithle GmbH;;;;;;;;;;;;
99587;United Force;;;;;;;;;;;;
99588;Werbediscount Graphic arts;;;;;;;;;;;;
99591;Rutschi AG;;;;;;;;;;;;
99592;sign point GmbH;;;;;;;;;;;;
99595;Mussack Unternehmung GmbH;;;;;;;;;;;;
99596;deutscher-digitaldrucker.de;;;;;;;;;;;;
99597;druckerei:kirchhoff werbung und druck gmbh;;;;;;;;;;;;
99603;Lackimedia Werbetechnik e.k.;;;;;;;;;;;;
99614;Werbetechnik Dorfen GmbH;;;;;;;;;;;;
99615;BS Werbetechnik GmbH;;;;;;;;;;;;
99625;deskcut design Lichtwerbung GmbH;;;;;;;;;;;;
99626;4P Media GmbH;;;;;;;;;;;;
99629;dhcd Textilveredelung Werbetechnik;;;;;;;;;;;;
99632;MediaComplex GmbH;;;;;;;;;;;;
99634;Design Werkstatt;;;;;;;;;;;;
99637;teamwerbung GbR;;;;;;;;;;;;
99639;SHW-Komplett;;;;;;;;;;;;
99642;Rosenmüller rundum Werbung;;;;;;;;;;;;
99645;Kammerer Druck & Medien GmbH & Co. KG;;;;;;;;;;;;
99655;PÖPPEL Visuelle Kommunikation;;;;;;;;;;;;
99659;Schonke-Werbung UG;;;;;;;;;;;;
99660;Rüffert Werbung GmbH;;;;;;;;;;;;
99664;Werbetechnik Becker;;;;;;;;;;;;
99667;Belz Werbetechnik;;;;;;;;;;;;
99668;Die Project Werbung GmbH;;;;;;;;;;;;
99671;Schütz Löw Artworks GmbH;;;;;;;;;;;;
99675;DATO MEDIA UG;;;;;;;;;;;;
99676;AMANTARIS;;;;;;;;;;;;
99677;TOPLAK werbeagentur . Werbetechnik;;;;;;;;;;;;
99678;articus GmbH & Co. KG;;;;;;;;;;;;
99680;exklusivMARKETING;;;;;;;;;;;;
99684;Nota GmbH;;;;;;;;;;;;
99685;Puschert & Kruse GmbH & Co. KG;;;;;;;;;;;;
99688;UNO Werbegestaltung GmbH;;;;;;;;;;;;
99689;Trispel GmbH;;;;;;;;;;;;
99690;Rehse Reklame GmbH;;;;;;;;;;;;
99695;Werbewirksam Werkstatt für Werbetechnik GmbH;;;;;;;;;;;;
99697;J2M Reclame Services;;;;;;;;;;;;
99698;Repro Kieweg Franz Kieweg e. K.;;;;;;;;;;;;
99703;Scheufen GmbH;;;;;;;;;;;;
99704;Franz Schmitt Werbetechnik;;;;;;;;;;;;
99705;Käppler Werbetechnik GmbH & Co. KG;;;;;;;;;;;;
99707;Styles Werbetechnik;;;;;;;;;;;;